{
    "root_group": {
        "groups": {},
        "checks": {
                "homepage status 200": {
                    "name": "homepage status 200",
                    "path": "::homepage status 200",
                    "id": "82ce3049092902cfaaec10205c70e6ae",
                    "passes": 387,
                    "fails": 0
                },
                "register status 201": {
                    "id": "a202de701392e9f2e1b9725c6057d0c0",
                    "passes": 387,
                    "fails": 0,
                    "name": "register status 201",
                    "path": "::register status 201"
                },
                "login status 200": {
                    "passes": 387,
                    "fails": 0,
                    "name": "login status 200",
                    "path": "::login status 200",
                    "id": "a9f04e9f501317c68a9f824e04811bea"
                }
            },
        "name": "",
        "path": "",
        "id": "d41d8cd98f00b204e9800998ecf8427e"
    },
    "metrics": {
        "http_req_failed": {
            "passes": 0,
            "fails": 1161,
            "thresholds": {
                "rate<0.05": false
            },
            "value": 0
        },
        "http_req_blocked": {
            "avg": 6.6275052480620085,
            "min": 0.001422,
            "med": 0.003286,
            "max": 399.510019,
            "p(90)": 0.005941,
            "p(95)": 0.008476
        },
        "http_req_connecting": {
            "p(90)": 0,
            "p(95)": 0,
            "avg": 2.202434826873385,
            "min": 0,
            "med": 0,
            "max": 130.937486
        },
        "http_reqs": {
            "count": 1161,
            "rate": 12.892232335045357
        },
        "http_req_waiting": {
            "avg": 830.8627785968994,
            "min": 124.979843,
            "med": 749.551976,
            "max": 2250.182162,
            "p(90)": 1569.632654,
            "p(95)": 1760.299277
        },
        "http_req_duration": {
            "p(95)": 1760.359028,
            "avg": 830.9333275305775,
            "min": 125.035096,
            "med": 749.587844,
            "max": 2250.222497,
            "p(90)": 1569.739143,
            "thresholds": {
                "p(95)<1500": true
            }
        },
        "data_sent": {
            "count": 406403,
            "rate": 4512.869851558517
        },
        "http_req_duration{expected_response:true}": {
            "avg": 830.9333275305775,
            "min": 125.035096,
            "med": 749.587844,
            "max": 2250.222497,
            "p(90)": 1569.739143,
            "p(95)": 1760.359028
        },
        "data_received": {
            "count": 2378409,
            "rate": 26410.85393261231
        },
        "iterations": {
            "rate": 4.2974107783484525,
            "count": 387
        },
        "vus": {
            "min": 1,
            "max": 20,
            "value": 1
        },
        "http_req_receiving": {
            "min": 0.019516,
            "med": 0.047799,
            "max": 0.354123,
            "p(90)": 0.087714,
            "p(95)": 0.098884,
            "avg": 0.05481379758828598
        },
        "http_req_sending": {
            "min": 0.006041,
            "med": 0.012463,
            "max": 0.087534,
            "p(90)": 0.025637,
            "p(95)": 0.034133,
            "avg": 0.015735136089577936
        },
        "vus_max": {
            "value": 20,
            "min": 20,
            "max": 20
        },
        "http_req_tls_handshaking": {
            "max": 262.242627,
            "p(90)": 0,
            "p(95)": 0,
            "avg": 4.410977611541775,
            "min": 0,
            "med": 0
        },
        "checks": {
            "passes": 1161,
            "fails": 0,
            "value": 1
        },
        "iteration_duration": {
            "p(90)": 4465.1585056,
            "p(95)": 4980.666327499998,
            "avg": 3013.685388568476,
            "min": 1146.980449,
            "med": 2983.944483,
            "max": 6014.77846
        }
    }
}