{
    "root_group": {
        "groups": {},
        "checks": {
                "homepage status 200": {
                    "name": "homepage status 200",
                    "path": "::homepage status 200",
                    "id": "82ce3049092902cfaaec10205c70e6ae",
                    "passes": 5,
                    "fails": 0
                },
                "register status 201": {
                    "fails": 0,
                    "name": "register status 201",
                    "path": "::register status 201",
                    "id": "a202de701392e9f2e1b9725c6057d0c0",
                    "passes": 5
                },
                "login status 200": {
                    "fails": 0,
                    "name": "login status 200",
                    "path": "::login status 200",
                    "id": "a9f04e9f501317c68a9f824e04811bea",
                    "passes": 5
                }
            },
        "name": "",
        "path": "",
        "id": "d41d8cd98f00b204e9800998ecf8427e"
    },
    "metrics": {
        "vus": {
            "value": 1,
            "min": 1,
            "max": 1
        },
        "checks": {
            "passes": 15,
            "fails": 0,
            "thresholds": {
                "rate>0.99": false
            },
            "value": 1
        },
        "http_reqs": {
            "count": 15,
            "rate": 1.7320546631463372
        },
        "http_req_blocked": {
            "p(90)": 0.006630199999999999,
            "p(95)": 115.79748159999959,
            "avg": 25.735931666666666,
            "min": 0.003386,
            "med": 0.004578,
            "max": 385.974845
        },
        "http_req_waiting": {
            "avg": 217.75345213333333,
            "min": 126.211389,
            "med": 246.794789,
            "max": 290.80642,
            "p(90)": 281.6791836,
            "p(95)": 286.2649446
        },
        "data_received": {
            "count": 33900,
            "rate": 3914.443538710722
        },
        "vus_max": {
            "max": 1,
            "value": 1,
            "min": 1
        },
        "iteration_duration": {
            "max": 2041.107344,
            "p(90)": 1890.2827419999999,
            "p(95)": 1965.695043,
            "avg": 1732.0059998000002,
            "min": 1645.287888,
            "med": 1663.518171
        },
        "http_req_failed": {
            "passes": 0,
            "fails": 15,
            "thresholds": {
                "rate<0.01": false
            },
            "value": 0
        },
        "iterations": {
            "count": 5,
            "rate": 0.5773515543821124
        },
        "http_req_connecting": {
            "med": 0,
            "max": 125.308583,
            "p(90)": 0,
            "p(95)": 37.59257489999987,
            "avg": 8.353905533333334,
            "min": 0
        },
        "data_sent": {
            "count": 6472,
            "rate": 747.3238519922063
        },
        "http_req_sending": {
            "min": 0.015408,
            "med": 0.019837,
            "max": 0.089184,
            "p(90)": 0.0593786,
            "p(95)": 0.07228389999999997,
            "avg": 0.031512533333333335
        },
        "http_req_receiving": {
            "med": 0.090226,
            "max": 0.132388,
            "p(90)": 0.1099854,
            "p(95)": 0.11994129999999999,
            "avg": 0.09133273333333333,
            "min": 0.065993
        },
        "http_req_duration{expected_response:true}": {
            "max": 290.91908,
            "p(90)": 281.8133582,
            "p(95)": 286.3912595,
            "avg": 217.87629740000003,
            "min": 126.317023,
            "med": 246.893796
        },
        "http_req_duration": {
            "p(90)": 281.8133582,
            "p(95)": 286.3912595,
            "avg": 217.87629740000003,
            "min": 126.317023,
            "med": 246.893796,
            "max": 290.91908,
            "thresholds": {
                "p(95)<2000": false
            }
        },
        "http_req_tls_handshaking": {
            "max": 251.276795,
            "p(90)": 0,
            "p(95)": 75.38303849999973,
            "avg": 16.75178633333333,
            "min": 0,
            "med": 0
        }
    }
}